text,label
I absolutely love this amazing product!,1
This is fantastic and works perfectly!,1
Outstanding quality and super fast delivery,1
I'm thrilled with my purchase!,1
Perfect execution from start to finish,1
This exceeds all my expectations!,1
Brilliant design and flawless performance,1
I'm so happy with this decision!,1
Exceptional value for the money,1
Couldn't be more satisfied!,1
This makes my life so much easier,1
Poor environmental footprint,0
No carbon tracking,0
Terrible energy efficiency,0
Poor sustainable AI practices,0
This ignores green computing,0
No model carbon footprint,0
Poor inference optimization,0
Terrible training efficiency,0
No green ML practices,0
This ignores responsible innovation,0
